FunctionName,VersionCount
developer-hub-dev-basic-auth,4
user-service-stg-setLogoutRequired,3
user-service-stg-assignUserToOrganization,3
order-service-stg-getOrder,3
chat-service-dev-createSignedUrl,5
template-service-dev-createTemplateConfig,18
okr-management-apis-v1-dev-get-ObjectiveById,11
walkin-service-prd-createPatientTokensUtil,12
walkin-service-prd-getBlockByScheduleId,12
sso-integration-prd-pendingAppointmentReprocessWorker,7
prd_delete_org_role,10
payments-service-dev-createSetupIntent,9
dev_get_user_permissions,19
order-service-prd-swagger-ui,8
chat-service-prd-disconnect,23
device-service-stg-deviceDeleteMultiple,19
chat-service-prd-default,10
payments-service-stg-getOrder,19
device-service-stg-deviceReadingTimestampUpdate,16
partner-integration-dev-getServiceableLocations,4
sso-integration-dev-cancellationReconciliationWorker,29
chat-service-prd-schedulerService,22
walkin-service-prd-join,12
organization-service-stg-warmup-plugin-default,3
walkin-service-stg-getBlocksByIds,34
okr-management-apis-v1-dev-swagger-ui,6
user-service-prd-activateDeactivateUser,14
organization-service-stg-getOrganization,17
organization-service-stg-listOrganizationFiles,17
partner-integration-dev-getOrderStatus,4
device-service-stg-deviceRecommendationAdd,18
user-service-stg-getUserOrganization,42
stg_assign_user_role_v1,3
dev_get_role_permissions_v1,6
stg_handle_organization_created_v1,3
payments-service-stg-getOrderStatus,19
payments-service-stg-createOrder,19
sso-integration-prd-patientCreationEventConsumer,7
chat-service-prd-groupMessage,23
chat-service-prd-createGroup,23
walkin-service-prd-getTokenForScheduleIds,6
payments-service-dev-stripeWebhook,16
okr-management-apis-v1-dev-get-ObjectiveKeyResults,11
dev_logout,18
walkin-service-stg-getBlockById,33
device-service-stg-deviceUserRemove,18
device-service-prd-deviceUserAssign,8
device-service-dev-swagger-ui,18
cronjob-dev-sessionCheckScheduler,3
walkin-service-stg-updateStatus,34
bff-layer-stg-availabilityCheckConflicts,25
device-service-prd-deviceUserDelete,8
order-service-stg-listOrders,24
fairway-connect-apis-prd-updateEnrollmentTracking,9
chat-service-prd-processWebmVoiceRecording,20
order-service-prd-cancelOrder,8
payments-service-prd-stripeWebhook,7
user-service-prd-validateUsers,14
user-service-prd-listOrganizationUsers,14
sso-integration-prd-appointmentsToday,7
user-service-prd-createUser,14
dev_get_organizational_roles_v1,6
device-service-dev-deviceFileUpload,34
order-service-stg-markPaid,24
user-service-stg-friendFamilySearch,42
stg_get_assigned_users_v1,3
template-service-dev-getMasterTemplateVersions,23
device-service-stg-deviceMetadataUpdate,15
fairway-connect-apis-prd-enrollmentMetrics,8
user-service-prd-notificationConsumer,14
stg_delete_org_role_v1,3
clinic-details-apis-v3-dev-update-clinicEntry,17
partner-integration-dev-getConsolidatedReport,4
sso-integration-prd-scheduleCreationWorker,7
walkin-service-stg-cleanupOldTokens,33
user-service-dev-userRoleAssignmentRequested,42
fairway-connect-apis-dev-enrollmentOnStopBangPdfRequested,19
stg_token_stream_handler,38
stg_save_org_default_role,11
dev_save_org_default_role,22
payments-service-stg-getPayment,19
chat-service-prd-schedulerServiceQueueHandler,22
chat-service-prd-typingIndicator,23
walkin-service-prd-getBlockById,12
Telehealth-Scheduler-prd-autoStatusUpdate,17
payments-service-prd-storePaymentMethod,5
dev_sync_roles_handler,18
okr-management-apis-v1-dev-get-AllObjectives,11
user-service-prd-putAssignedPackages,14
user-service-prd-friendFamilySearch,14
device-service-stg-deviceGet,18
fairway-connect-apis-dev-enrollmentMetrics,41
user-service-stg-friendFamilyFetch,40
walkin-service-stg-reassign,34
walkin-service-stg-getTokenById,35
device-service-prd-swagger-ui,5
payments-service-prd-returnDeadlineCron,5
user-service-prd-setLogoutRequired,14
user-service-stg-v2UserList,45
alert-service-dev-health,28
chat-service-prd-assignDoctor,23
user-service-prd-friendFamilyDelete,14
user-service-prd-friendFamilyCheck,14
sso-integration-prd-appointmentProcessor,7
user-service-prd-assignUserToOrganization,14
chat-service-prd-transferUserChat,23
walkin-service-stg-createPatientTokensUtil,30
payments-service-prd-getOrderStatus,13
bff-layer-prd-availabilityScheduleConflicts,7
stg_role_stream_handler,8
walkin-service-prd-queues,12
stg_handle_user_created_v1,3
metadata-registry-service-stg-listMetadataAudit,4
bff-layer-prd-doctorDashboardInitial,3
metadata-registry-service-stg-getMetadataRelations,4
walkin-service-prd-swagger-ui,8
walkin-service-stg-squeezeinQueues,31
payments-service-stg-refund,19
fairway-connect-apis-prd-initiateReturn,9
payments-service-stg-completePayment,19
organization-service-stg-deleteOrganization,17
organization-service-prd-warmup-plugin-default,3
chat-service-prd-chatList,23
chat-service-prd-listDoctor,23
device-service-stg-swagger-ui,7
chat-service-prd-eventBridge,23
device-service-prd-deviceReadingTimestampUpdate,8
walkin-service-prd-allQueues,6
dev_handle_organization_created_v1,6
alert-service-dev-addAlertNote,47
alert-service-dev-updateAlertAssignment,44
fhir-gateway-dev-observationSearch,4
organization-service-prd-listOrganizationFiles,9
device-service-prd-deviceOrgAssign,8
chat-service-prd-voiceRecording,21
payments-service-stg-stripeWebhook,10
alert-service-dev-getAlertMetadata,33
chat-service-prd-deviceToken,23
fhir-gateway-dev-patientGet,4
chat-service-stg-closeUserSession,48
walkin-service-stg-swagger-json,21
device-service-dev-health,19
organization-service-prd-getOrganizationMetadata,9
dev_assign_user_role_v1,6
fairway-connect-apis-prd-createSetupIntent,8
order-service-stg-cancelOrder,24
metadata-registry-service-dev-patchMetadataValueDelete,24
Telehealth-Scheduler-prd-fetchUserAvailability,14
device-service-prd-swagger-json,5
template-service-dev-listOrgEnablementsByOrg,22
walkin-service-prd-createBlock,12
okr-management-apis-v1-dev-add-KeyResult,9
organization-service-stg-linkUnlinkOrganization,17
prd_get_organizational_roles,10
device-service-stg-deviceOrgRemove,20
organization-service-stg-uploadOrganizationFile,16
order-service-prd-refundPayment,8
prd_get_user_permissions,10
stg_user_role_handler,10
device-service-stg-deviceGlobalRegister,18
alert-service-dev-updateAlertPriority,43
stg_order_stream_handler,24
template-service-dev-listMasterTemplates,24
dev_get_user_permissions_v1,7
chat-service-prd-handleSessionClose,23
metadata-registry-service-stg-postMetadata,4
user-service-stg-inviteNotificationStreamHandler,32
user-service-prd-userReminderEvent,9
user-service-prd-listUserOrganizations,14
dev_save_org_role_v1,6
organization-service-prd-deleteOrganization,9
chat-service-stg-keepAlive,27
template-service-dev-updateOrgTemplateEnable,9
user-service-stg-healthV1,4
chat-service-prd-closeUserSession,21
chat-service-prd-updateStatus,23
alert-service-dev-updateAlertWorkflow,48
payments-service-prd-createOrder,13
chat-service-prd-call,23
payments-service-stg-returnDeadlineCron,7
partner-integration-dev-webhookLabEvent,4
order-service-stg-swagger-ui,24
dev_handle_user_created_v1,7
device-service-prd-errorNotification,8
chat-service-prd-createRecordingApi,23
chat-service-prd-recording,23
payments-service-prd-capturePayment,13
walkin-service-prd-swagger-json,10
template-service-dev-updateTemplateVersion,17
clinic-details-apis-v3-dev-create-clinicEntry,17
user-service-stg-getPendingAppointment,27
user-service-stg-listOrganizationUsers,42
payments-service-prd-createSetupIntent,5
Telehealth-Scheduler-prd-fetchSchedulesList,24
fairway-connect-apis-prd-notifyEmailStream,9
dev_save_org_role,22
user-service-stg-listUserOrganizations,42
device-service-stg-deviceOrgList,18
payments-service-dev-returnDeadlineCron,9
walkin-service-stg-updateBlock,34
clinic-details-apis-v3-dev-delete-clinicEntry,17
walkin-service-prd-updateBlock,12
chat-service-prd-fetchLatestMessages,23
walkin-service-stg-scheduleAppointment,34
user-service-stg-listDoctorPatients,42
partner-integration-dev-updateCredit,4
walkin-service-prd-getTokensByIds,12
order-service-stg-createPharmacyOrder,24
prd_logout,10
sso-integration-prd-cancellationReconciliationWorker,7
payments-service-prd-completePayment,13
fairway-connect-apis-prd-updateEnrollmentStatus,9
user-service-stg-getOrganizationUserCount,42
device-service-prd-deviceUserRemove,8
device-service-stg-getOrganizationDevice,16
user-service-prd-updateRecentInvite,14
organization-service-stg-getExternalTenant,10
stg_get_role_permissions_v1,3
okr-management-apis-v1-dev-delete-Objective,10
chat-service-prd-acknowledge,23
template-service-dev-listTemplateConfigs,19
okr-management-apis-v1-dev-create-Objective,10
payments-service-dev-chargeCustomer,9
chat-service-prd-uploadImageApi,22
device-service-prd-deviceUpdate,8
partner-integration-dev-cancelOrder,4
clinic-details-apis-v3-stg-swagger-ui,3
payments-service-stg-chargeCustomer,7
order-service-prd-getOrderById,8
payments-service-stg-checkPaymentStatus,19
device-service-dev-getOrganizationDevice,37
metadata-registry-service-dev-getMetadataRelatedValues,44
metadata-registry-service-dev-health,29
stg_save_org_default_role_v1,3
order-service-stg-refundPayment,24
payments-service-dev-createPaymentIntent,16
chat-service-stg-transferUserChat,48
user-service-prd-getOrganizationUserCount,14
payments-service-prd-createCustomer,5
bff-layer-dev-doctorDashboardInitial,13
user-service-prd-listOrganizationUsersPost,14
chat-service-prd-fetchChatHistoryOnOnline,23
user-service-prd-uploadUserFile,14
payments-service-prd-cancelPayment,13
Telehealth-Scheduler-prd-updateStatus,24
user-service-stg-listOrganizationUsersPost,36
fairway-connect-apis-prd-listEnrollments,9
partner-integration-dev-rescheduleOrder,4
clinic-details-apis-v3-stg-process-clinic-Stream,4
user-service-stg-listPendingAppointments,27
chat-service-prd-createSignedUrl,23
organization-service-dev-getExternalTenant,31
walkin-service-prd-scheduleAppointment,12
user-service-prd-deleteUser,14
organization-service-stg-getOrganizationMetadata,17
payments-service-stg-capturePayment,19
user-service-prd-getPendingAppointment,14
device-service-prd-deviceUserRegister,8
order-service-prd-createPharmacyOrder,8
partner-integration-dev-confirmBooking,4
payments-service-prd-getPayment,13
Telehealth-Scheduler-prd-fetchUserList,24
clinic-details-apis-v3-stg-get-clinicDetails,4
device-service-stg-deviceUpdate,18
user-service-prd-listUserFiles,14
partner-integration-dev-createUpdateWebhook,3
clinic-details-apis-v3-dev-process-clinic-Stream,17
user-service-dev-userProfileStreamHandler,38
device-service-prd-deviceRegister,8
user-service-stg-activateDeactivateUser,42
sso-integration-prd-appointmentSync,7
template-service-dev-deriveTemplate,17
walkin-service-stg-createBlock,33
stg_payment_stream_handler,19
chat-service-prd-transferChat,23
Telehealth-Scheduler-prd-scheduleDbStream,17
device-service-stg-errorNotification,18
bff-layer-prd-frontdesk,7
okr-management-apis-v1-dev-get-KeyResultById,9
stg_logout,20
order-service-prd-listOrders,8
template-service-dev-getOrgTemplateVersions,22
user-service-prd-v2UserList,14
okr-management-apis-v1-dev-delete-KeyResult,9
metadata-registry-service-dev-postMetadata,48
prd_save_org_default_role,4
dev_get_assigned_users,18
device-service-stg-deviceOrgAssign,20
user-service-stg-updateRecentInvite,42
payments-service-dev-createCustomer,9
bff-layer-stg-availabilityScheduleConflicts,25
user-service-stg-notificationConsumer,38
user-service-stg-friendFamilyAddMember,40
template-service-dev-upsertMasterTemplate,17
device-service-prd-deviceFileUpload,8
device-service-prd-deviceSearch,8
prd_token_stream_handler,12
fairway-connect-apis-prd-testDeviceReturnReminderScheduler,8
dev_get_organizational_roles,19
chat-service-stg-voiceRecording,45
chat-service-prd-exportChat,23
user-service-stg-assignDoctor,42
organization-service-prd-getOrganization,9
payments-service-stg-createSetupIntent,7
user-service-stg-friendFamilyCheck,40
organization-service-prd-getLinkedOrganizations,9
user-service-stg-warmup-plugin-default,15
user-service-stg-createUser,42
device-service-prd-deviceList,8
user-service-prd-userRoleAssignmentRequested,8
user-service-prd-swagger-json,6
order-service-prd-getOrder,8
user-service-prd-updateUserMetadata,14
dev_delete_org_role_v1,6
user-service-stg-userProfileStreamHandler,7
stg_sync_roles_handler,17
fairway-connect-apis-prd-storePaymentMethod,8
device-service-stg-deviceUserRegister,14
user-service-stg-updateUser,43
order-service-prd-paymentEvents,8
stg_get_user_permissions_v1,3
order-service-stg-swagger-json,24
order-service-dev-ssmSync,18
template-service-dev-getOrgVersionStatus,10
alert-service-dev-swagger-ui,5
walkin-service-stg-squeezeinQueueAvailability,32
Telehealth-Scheduler-stg-fetchUserAvailability,34
fairway-connect-apis-prd-paymentOnPaymentInitiated,9
organization-service-stg-setOrgStatus,17
alert-service-dev-onCreateAlert,31
template-service-dev-listTemplates,17
device-service-stg-deviceRecommendationRemove,18
device-service-prd-health,5
clinic-details-apis-v3-dev-get-clinic-history,17
dev_user_role_handler,12
device-service-prd-deviceUserList,8
user-service-stg-health,36
user-service-prd-getUser,14
order-service-stg-requestPayment,24
device-service-prd-deviceGet,8
template-service-dev-searchOrgEnablements,22
walkin-service-stg-queues,35
organization-service-prd-getExternalTenant,5
user-service-stg-getUser,42
chat-service-stg-processWebmVoiceRecording,40
device-service-stg-deviceUserAssign,18
template-service-dev-getOrgEnablementById,22
stg_get_assigned_users,20
stg_get_organizational_roles,20
chat-service-prd-userChatList,23
authorizer-service-dev-authorizer,4
clinic-details-apis-v3-dev-swagger-json,7
okr-management-apis-v1-dev-swagger-json,6
partner-integration-dev-searchPackages,4
payments-service-stg-webhook,19
okr-management-apis-v1-dev-update-Objective,11
organization-service-prd-updateOrganization,9
walkin-service-prd-queueAvailability,12
device-service-dev-swagger-json,25
fhir-gateway-dev-metadata,4
device-service-prd-deviceGlobalRegister,8
clinic-details-apis-v3-stg-create-clinicEntry,4
clinic-details-apis-v3-stg-delete-clinicEntry,4
walkin-service-prd-deleteBlock,12
organization-service-stg-getOrganizationCount,17
fairway-connect-apis-dev-testDeviceReturnReminderScheduler,47
device-service-stg-swagger-json,9
metadata-registry-service-dev-listMetadata,49
device-service-prd-orgDeviceManage,8
payments-service-stg-swagger-json,19
chat-service-prd-userPresence,23
chat-service-prd-chatHistory,23
clinic-details-apis-v3-dev-swagger-ui,6
fairway-connect-apis-prd-confirmEnrollmentPayment,8
metadata-registry-service-dev-patchMetadataStatus,49
user-service-prd-listDoctorPatients,14
payments-service-prd-swagger-json,13
template-service-dev-updateOrgEnablement,22
payments-service-stg-getRefund,19
chat-service-prd-makeAdminSessionActive,23
metadata-registry-service-stg-patchMetadataStatus,4
dev_save_org_default_role_v1,6
chat-service-prd-appChatHistory,23
prd_payment_stream_handler,13
walkin-service-prd-getBlocksByIds,12
dev_sync_roles_handler_v1,6
template-service-dev-createOrgEnablement,22
fairway-connect-apis-prd-completeEnrollment,9
device-service-prd-getOrganizationDevice,8
Telehealth-Scheduler-prd-fetchTimeslots,25
metadata-registry-service-stg-listMetadata,4
user-service-prd-listPendingAppointments,14
device-service-prd-deviceMetadataUpdate,8
partner-integration-dev-getDigitalReport,4
stg_get_organizational_roles_v1,3
user-service-stg-validateContacts,37
user-service-stg-uploadUserFile,42
prd_save_org_role,10
prd_assign_user_role,10
device-service-prd-deviceOrgList,8
stg_delete_org_role,20
payments-service-prd-healthCheck,13
chat-service-prd-userChatHistory,23
dev_get_role_permissions,18
clinic-details-apis-v3-dev-get-clinicDetails,17
fairway-connect-apis-prd-enrollmentOnStopBangPdfRequested,3
order-service-stg-createOrgOrder,24
walkin-service-stg-allQueues,16
chat-service-prd-editMessage,23
organization-service-stg-updateOrganization,17
walkin-service-stg-queueAvailability,35
chat-service-prd-resetCount,23
prd_order_stream_handler,8
chat-service-stg-chatList,48
user-service-prd-updateUser,14
clinic-details-apis-v3-stg-update-clinicEntry,4
walkin-service-dev-swagger-ui,31
prd_sync_roles_handler,9
user-service-stg-swagger-ui,6
user-service-prd-warmup-plugin-default,7
device-service-prd-deviceDeleteMultiple,8
payments-service-prd-webhook,13
walkin-service-stg-join,36
user-service-prd-validateContacts,14
chat-service-prd-processDLQMessages,21
organization-service-stg-updateOrganizationMetadata,17
payments-service-stg-createPaymentIntent,10
walkin-service-prd-squeezeinQueues,12
organization-service-prd-getOrganizationCount,9
organization-service-stg-health,16
payments-service-prd-refund,13
user-service-stg-putAssignedPackages,42
template-service-dev-updateOrgTemplateVersion,22
metadata-registry-service-dev-patchMetadataRelation,44
bff-layer-stg-frontdesk,27
payments-service-prd-getOrder,13
device-service-stg-deviceUserDelete,19
clinic-details-apis-v3-stg-get-clinic-history,4
order-service-prd-ssmSync,4
alert-service-dev-testEchoOutboundEvents,4
sso-integration-prd-doctorProvisionWorker,7
user-service-stg-updateUserMetadata,42
dev_role_stream_handler,5
user-service-stg-createUserV1,35
okr-management-apis-v1-dev-update-KeyResult,9
payments-service-dev-storePaymentMethod,9
fairway-connect-apis-prd-paymentWebhook,9
user-service-prd-health,14
chat-service-prd-connect,23
alert-service-dev-swagger-json,31
walkin-service-stg-swagger-ui,15
user-service-stg-userRoleAssignmentRequested,17
chat-service-prd-chatHistoryApp,23
organization-service-prd-setOrgStatus,9
bff-layer-stg-availabilitySchedulePreview,25
chat-service-prd-message,23
payments-service-prd-chargeCustomer,5
alert-service-dev-testPublishCreateAlertIngest,22
user-service-stg-getUserByExternalIdentity,29
organization-service-stg-createOrganization,17
bff-layer-prd-availabilitySchedulePreview,7
chat-service-prd-callRecording,23
partner-integration-dev-getBookingSlots,4
sso-integration-prd-health,7
chat-service-prd-closeSession,23
chat-service-prd-downloadFile,22
order-service-stg-paymentEvents,24
user-service-dev-swagger-ui,30
device-service-stg-orgDeviceManage,19
metadata-registry-service-stg-patchMetadataRelation,4
template-service-dev-transitionTemplateStatus,22
fairway-connect-apis-prd-enrollmentOnPaymentIntentCreated,9
stg_assign_user_role,20
prd_user_role_handler,8
chat-service-prd-streamSchedule,23
payments-service-prd-checkPaymentStatus,13
user-service-prd-createPendingAppointment,14
user-service-dev-healthV1,3
chat-service-prd-multiPartUpload,22
chat-service-prd-keepAlive,9
order-service-prd-generateInvoice,8
chat-service-prd-processWebmFile,22
order-service-prd-getPaymentStatus,8
alert-service-dev-realtimeAggregation,10
order-service-prd-createOrgOrder,8
template-service-dev-getTemplateConfig,19
walkin-service-stg-getTokensByIds,33
user-service-stg-friendFamilyUpdate,40
order-service-stg-getOrderById,24
chat-service-stg-default,28
metadata-registry-service-stg-getMetadataRelatedValues,4
organization-service-prd-organizationList,9
payments-service-prd-getRefund,13
user-service-stg-validateUsers,32
device-service-stg-deviceList,19
dev_assign_user_role,18
user-service-prd-createUserV1,14
order-service-prd-requestPayment,8
metadata-registry-service-stg-getMetadata,4
user-service-prd-friendFamilyUpdate,14
order-service-prd-swagger-json,8
stg_get_role_permissions,20
user-service-dev-warmup-plugin-default,32
partner-integration-dev-health,3
clinic-details-apis-v3-dev-process-dynamoDBEvents,6
prd_role_stream_handler,6
Telehealth-Scheduler-prd-metaUpdateLambda,17
organization-service-stg-organizationList,17
Telehealth-Scheduler-prd-updateSchedule,24
authorizer-service-dev-localAuthorize,4
organization-service-prd-updateOrganizationMetadata,9
partner-integration-dev-mockB2BWebhook,3
partner-integration-dev-getPartnerLocation,4
user-service-prd-friendFamilyAddMember,14
metadata-registry-service-dev-getMetadata,48
device-service-stg-deviceSearch,18
payments-service-stg-swagger-ui,19
bff-layer-stg-doctorDashboardInitial,4
fairway-connect-apis-prd-getEnrollment,9
payments-service-stg-healthCheck,19
sso-integration-prd-ssoLaunch,7
user-service-prd-userProfileStreamHandler,6
okr-management-apis-v1-dev-okr-history-stream-processor,18
fairway-connect-apis-dev-sendSesEmail,9
partner-integration-dev-listAddedWebhooks,3
fairway-connect-apis-prd-createAuthCredentials,8
walkin-service-stg-getBlockByScheduleId,35
device-service-stg-deviceDelete,18
clinic-details-apis-v3-stg-process-dynamoDBEvents,3
user-service-stg-swagger-json,9
user-service-prd-getUserOrganization,14
organization-service-dev-warmup-plugin-default,11
order-service-stg-ssmSync,10
device-service-dev-deviceMetadataUpdate,34
bff-layer-prd-availabilityCheckConflicts,7
user-service-stg-listUserFiles,42
payments-service-stg-cancelPayment,19
device-service-stg-deviceFileUpload,15
payments-service-prd-swagger-ui,13
user-service-stg-friendFamilyDelete,40
walkin-service-prd-getTokenById,12
dev_get_assigned_users_v1,6
dev_delete_org_role,18
stg_sync_roles_handler_v1,3
Telehealth-Scheduler-prd-markAutoStatusUpdateSchedules,17
user-service-prd-getUserByExternalIdentity,14
payments-service-prd-createPaymentIntent,7
user-service-stg-userReminderEvent,16
order-service-stg-generateInvoice,24
chat-service-prd-updateGroup,23
fairway-connect-apis-prd-resetAuthPassword,8
Telehealth-Scheduler-prd-scheduleReminder,24
payments-service-stg-createCustomer,7
fairway-connect-apis-prd-loginAuth,8
payments-service-stg-storePaymentMethod,7
user-service-prd-swagger-ui,6
user-service-stg-deleteUser,42
metadata-registry-service-dev-getMetadataRelations,44
order-service-stg-getPaymentStatus,24
template-service-dev-listCompatibleTemplates,22
walkin-service-prd-cleanupOldTokens,12
template-service-dev-updateTemplateConfig,19
sso-integration-prd-syncHmsAppointments,7
chat-service-prd-uploadImage,23
user-service-prd-inviteNotificationStreamHandler,14
prd_get_assigned_users,10
order-service-prd-markPaid,8
partner-integration-dev-createOrder,4
chat-service-prd-deleteMessage,23
user-service-prd-assignDoctor,14
template-service-dev-getTemplateVersions,17
chat-service-prd-chatStream,23
template-service-dev-health,22
user-service-stg-createPendingAppointment,27
partner-integration-dev-updatePackage,4
metadata-registry-service-dev-listMetadataAudit,48
template-service-dev-listOrgTemplates,22
fairway-connect-apis-prd-getStopBangPdfDownload,8
fairway-connect-apis-prd-createEnrollment,9
walkin-service-stg-deleteBlock,33
organization-service-prd-createOrganization,9
device-service-stg-deviceRegister,19
stg_save_org_role_v1,3
device-service-stg-deviceUserList,18
device-service-prd-deviceRecommendationRemove,8
chat-service-prd-staffList,23
device-service-prd-deviceRecommendationAdd,8
Telehealth-Scheduler-prd-reschedule,24
prd_get_role_permissions,10
okr-management-apis-v1-dev-getHistory,15
organization-service-prd-organizationProfileStreamHandler,7
chat-service-prd-forwardMessage,23
organization-service-dev-organizationProfileStreamHandler,19
device-service-prd-deviceDelete,8
walkin-service-stg-getTokenForScheduleIds,14
walkin-service-prd-squeezeinQueueAvailability,12
organization-service-stg-getLinkedOrganizations,17
user-service-prd-friendFamilyFetch,14
organization-service-prd-uploadOrganizationFile,9
walkin-service-prd-updateStatus,12
stg_get_user_permissions,20
organization-service-stg-organizationProfileStreamHandler,7
device-service-stg-health,9
device-service-prd-deviceOrgRemove,8
